Control Identifier,Control (or Control Enhancement) Name,Control Text,Discussion,Related Controls,Azure Commercial Remediation,Azure Government Remediation
AC-1,Policy and Procedures,"a. Develop, document, and disseminate to [Assignment: organization-defined personnel or roles]: 1. [Selection (one or more): Organization-level; Mission/business process-level; System-level] access control policy; 2. [Selection (one or more): Organization-level; Mission/business process-level; System-level] access control procedures.","Access control policy and procedures address purpose, scope, roles, responsibilities, management commitment, coordination among organizational entities, and compliance.","IA-1, PM-9, PM-24, PS-8, SI-12 .","Use Azure Policy (NIST SP 800-53 R5 initiative) to define and audit access control policies (e.g., built-ins CMA_0144, CMA_0246, etc):contentReference[oaicite:0]{index=0}.","Use Azure Government NIST SP 800-53 R5 built-in policies (Microsoft-managed controls) to govern AC policy and procedures:contentReference[oaicite:1]{index=1}."
AC-2,Account Management,"a. Define and document the types of accounts authorized to the system. b. Define and document conditions for group and role membership. c. Create, enable, modify, disable, and remove (as necessary) accounts in accordance with organizational policy. d. [Assignment: organization-defined frequency] review accounts for compliance. e. Notify account managers (as defined in AC-2 c(3)) [Assignment: organization-defined events (e.g., job change, termination)]. f. Review accounts for compliance with account control requirements [Assignment: organization-defined frequency]. g. Coordinate account provisioning with account de-provisioning. h. [Selection (one or more): Disable accounts after [Assignment: organization-defined time period] of inactivity; Disable accounts after [Assignment: organization-defined time period] of previous notification; Disable accounts after [Assignment: organization-defined time period] of denial of use]. i. Disable accounts within [Assignment: organization-defined time period] when the accounts are no longer associated with a user or are no longer required. j. Prevent reuse of identifiers for [Assignment: organization-defined time period]. k. Disable identifiers after [Assignment: organization-defined time period] when the identifiers are no longer associated with a user. l. [Selection (one or more): Disable accounts within [Assignment: organization-defined time period] after termination of employee or contractor; Disable accounts within [Assignment: organization-defined time period] after cessation of services for other system users; Other [Assignment: organization-defined event or condition]]. m. [Assignment: organization-defined time period] prior to termination of employment or contractor service, notify account managers and other relevant personnel (as defined in AC-2 c(3)) to disable accounts. n. Limit the use of shared/group accounts. o. Monitor the use of privileged accounts. p. Review accounts for compliance.","Examples of system account types include individual and group accounts, processor accounts, system accounts, application accounts, guest/anonymous accounts, emergency accounts, and temporary accounts. Shared or group accounts can enhance accountability challenges.","AC-3, AC-5, AC-6, AC-17, AC-18, AC-20, AC-24, PM-21, SA-9.","Enforce account management via Azure Policy and RBAC: e.g., limit subscription owners to 3, require account managers, disable stale/blocked accounts (see built-ins):contentReference[oaicite:2]{index=2}. Use Azure AD and Privileged Identity Management to control privileged roles.","Similar to Azure Commercial: use Azure Gov NIST SP 800-53 R5 policies (e.g., 'max 3 owners' built-in:contentReference[oaicite:3]{index=3} and guest account policies) and Azure AD PIM."
AC-2(1),Automated System Account Management,Support the management of system accounts using automated mechanisms.,Automated system account management includes using tools to automate account creation, disablement, reactivation, and deletion.,None.,"Use Azure AD automation and Identity Governance. Enable automated removal or disablement of inactive accounts (e.g. Azure AD Identity Protection, Access Reviews).","Same as Azure Commercial: use Azure AD automated management (e.g., Microsoft Entra Access Review) under Azure Gov policies."
AC-2(2),Automated Temporary and Emergency Accounts,Automatically [Selection: remove; disable] temporary and emergency accounts after [Assignment: organization-defined time period].,Management of temporary and emergency accounts includes immediate disablement after defined time or event.,None.,"Use Azure AD Privileged Identity Management for temporary privilege elevation, and automate disabling of emergency accounts (e.g., via PIM / automation scripts).","Same as Azure Commercial using Azure AD PIM in Azure Gov."
AC-2(3),Disable Accounts,Disable accounts within [Assignment: organization-defined time period] when the accounts are no longer associated with a user or are no longer required.,Disabling expired or inactive accounts prevents unauthorized use of legacy accounts.,None.,"Implement Azure Policy to audit disabled accounts and use Azure AD to disable accounts upon termination (automatically or via workflow).","Same approach in Azure Gov (use portal.azure.us for Azure AD administration)."
AC-2(4),Automated Audit Actions,Use automated mechanisms to audit the allocation, creation, and management of system accounts.,Auditing system account changes is necessary for accountability.,None.,"Enable Azure AD sign-in logs and resource Azure Activity Logs. Assign Azure Policy initiatives for account auditing (see CMA_0020 etc):contentReference[oaicite:4]{index=4}.","Same in Azure Gov: utilize built-in auditing policies and Azure AD logs in gov cloud."
AC-2(5),Inactivity Logout,Automatically log out users after [Assignment: organization-defined time period] of inactivity.,Helps prevent unauthorized access if users leave sessions idle.,None.,"Enforce session timeout via Azure AD Conditional Access or application settings. Use Azure Policy for related settings (custom policies or baseline access controls).","Similar in Gov; implement inactivity timeouts via Azure AD Conditional Access in Azure Government."
AC-2(6),Dynamic Privileges,Group membership or role membership is dynamically adjusted based on user attributes or roles.,","","Same as Azure Commercial: manage via Azure AD dynamic groups.","Likewise in Azure Gov."
AC-2(7),Privileged User Accounts,Employ least privilege for privileged accounts and require separate accounts for admin and non-admin functions.,","","Use Azure AD PIM and privileged roles to manage admin accounts; enforce MFA and monitoring on these roles. Azure Policies (if available) audit privileged role usage.","Same in Azure Gov (use Azure AD PIM and gov policies to monitor roles)."
AC-2(8),Shared / Group Accounts,Group or shared accounts should be permitted only when operationally necessary, and strict rules implemented.,Use shared accounts only if no technical means for individual accounts.,None.,"Use Azure RBAC to avoid shared accounts; if needed, monitor shared account use with alerts. Remove shared/guest accounts via Azure Policy built-ins.","Same in Azure Gov."
AC-2(9),Concurrent Session Control,Limit the number of concurrent sessions for accounts.,Not explicitly addressed by Azure Policies; use Azure AD sign-in policies.,None.,"Azure AD Conditional Access cannot directly limit concurrent sessions, but monitor sign-ins and use Azure AD Identity Protection risk policies for anomalous sign-ins.","Same in Azure Gov."
AC-2(10),Unsuccessful Logon Attempts,Enforce an account lockout threshold for consecutive invalid logon attempts.,Azure AD automatically locks accounts on multiple failures, track via logs.,None.,"Azure AD handles lockouts; monitor via sign-in logs. Use Conditional Access to block risky sign-ins.","Same in Azure Gov."
AC-2(11),Previous Logon (Access) Notification,Notify users or admins of successful logons from new devices or locations.,","","Enable Azure AD Identity Protection risk alerts or use Azure Monitor alerts for unusual sign-ins (Geo/MFA).","Same approach in Azure Gov."
AC-2(12),Session Lock,Force user session lock after [Assignment: organization-defined time] of inactivity.,Prevents unauthorized access to unattended terminals.,None.,"Use Conditional Access or device configuration (Intune) to lock screens after idle time. E.g., configure Windows Security Baseline.","Same configuration in Azure Gov."
AC-2(13),Use of External Group and Domain Accounts,Only allow system access using accounts from approved domains or groups.,Controls migration of accounts across trust boundaries.,None.,"Limit account domain trust: use Azure AD or Entra Verified ID for external accounts. Use Azure AD B2B wisely.","Same with Azure Government Azure AD if using trusted domains."
AC-3,Access Enforcement,Enforce approved authorizations for logical access to system resources.,","","Use Azure RBAC to enforce role-based access. Use Azure Policy to ensure MFA on privileged roles, restrict network flows. (Azure built-ins enforce tag requirements and deny insecure settings.)","Same via Azure Gov RBAC and policies."
AC-3(1),Dynamic Access Control,Adjusts access privileges as user attributes change.,","","Use Azure AD dynamic groups to grant/deny access based on attributes. Use custom Azure Policy for attribute conditions.","Same in Azure Gov."
AC-4,Information Flow Enforcement,Enforce policy for controlling information flow among security domains.,","","Use Azure network security controls (NSGs, firewalls, Service Endpoints) to restrict data flow. Use Private Endpoints and VNet integration. (Azure policies exist to enforce secure transport.)","Same network controls in Azure Gov."
AC-4(1),Cross Domain Information Flow,","","Same as AC-4, use network segmentation and DMZs.",""
AC-5,Separation of Duties,Different persons or roles control critical tasks in different phases.","","Implement Azure RBAC roles to separate duties. Use Privileged Identity Management to require dual approval. Monitor role assignments.","Same in Azure Gov."
AC-6,Least Privilege,Grant only the access needed to perform job.","","Use Azure AD and RBAC to assign minimal roles. Regularly review via Access Reviews. Use PIM to require approval for sensitive roles.","Same in Azure Gov."
AC-6(1),Authorized Use of Privileged Accounts,","","Ensure policies limit privileged account use. Use PIM requiring justification/MFA.","Same in Azure Gov."
AC-6(2),Non-Privileged Accounts,","","Ensure users operate with non-admin accounts. Use Device Guard or App Guard for admin tasks.","Same in Azure Gov."
AC-6(3),Network Access to Privileged/Non-Privileged Accounts,Restrict privileged accounts from network logon where non-privileged accounts are used and vice versa.,","","Use Conditional Access to restrict admin sign-ins to secure workstations. Use Azure AD Named Locations to restrict where admins can log in.","Same in Azure Gov."
AC-7,Unsuccessful Login Attempts,","","Azure AD lockout after repeated failures (handled).","Same in Azure Gov."
AC-7(2),Crack Propagation Delay,","","Not applicable in cloud environment; Azure AD does not allow multiple guesses at once.",""
AC-7(3),Password Guessing,","","Use Azure AD Smart Lockout and CAPTCHA. Enforce MFA to mitigate guessing.","Same in Azure Gov."
AC-8,System Use Notification,Display a logon banner.","","Azure AD sign-in does not have custom banner. For Windows VMs, configure local GPO or login script to show banner.","Same for Azure Government VMs."
AC-9,Previous Logon (Access) Notification,","","Enable Azure AD risk detection and MFA for unusual logins to notify users/admins.","Same in Azure Gov."
AC-10,Concurrent Session Control,","","Not directly in Azure AD. Consider Azure AD access tokens expiration.",""
AC-11,Session Lock,","","Configure session timeouts via Conditional Access or Intune device policies.",""
AC-12,Least Functionality,Configure system features and ports.","","Use Azure Security Center recommendations: disable unused ports, enable web application firewall, use Just-In-Time VM Access, enforce NSG and firewall rules via Azure Policy.","Same in Azure Gov."
AC-12(1),Out-of-Band Access,","","Not applicable in Azure PaaS services. For VMs, use Jump Box/Just-In-Time access via Azure Bastion or PIM.",""
AC-12(2),Partitioning,Use virtualization to segregate resources.","","Azure inherently isolates by subscription/resource groups. Use VNet segmentation and management group boundaries.",""
AC-13,Remote Access,Secure remote access.","","Use Azure Bastion, VPN Gateway, or ExpressRoute. Enforce MFA/Conditional Access for remote admin (Azure AD Conditional Access for portal).","Same in Azure Gov."
AC-14,Permitted Actions without Identification/Authentication,Minimize actions before login.","","Azure users must authenticate via AAD; allow only minimal guest/anonymous (e.g., anonymous web endpoints). Use WAF to protect web apps.","Same in Azure Gov."
AC-17,Remote Access,Protect remote access sessions.","","Require VPN with strong encryption, use Conditional Access, enforce MFA for any remote Azure portal or desktop connections. Azure AD MFA on RDP (Azure Bastion) and VPN.","Same in Azure Gov."
AC-17(1),Managed Access,","","Deploy Azure VPN gateway with endpoint security, enforce MFA, and use Windows Hello for Business on devive endpoints.",""
AC-17(2),Cryptographic Protection,","","Use TLS/SSL for all connections (Azure enforce TLS 1.2+), VPN with IPsec. Use Azure Front Door or Application Gateway with HTTPS.",""
AC-17(3),Private Access,","","Use Azure Private Link and Service Endpoints to restrict access to PaaS to within VNets or on-prem VPN.",""
AC-18,Wireless Access,Control wireless access.","","Not directly Azure-related. Ensure any wireless controllers enforce WPA2/WPA3 with strong auth. Azure Virtual WAN doesn't involve WiFi.",""
AC-18(1),RF Protection,","","Ensure encryption (TLS or IPsec) on all wireless backhaul. Use Azure IoT Edge security for wireless IoT.",""
AC-19,Access Control for Mobile Devices,Secure mobile device access.","","Use Microsoft Intune/Endpoint Manager for MDM. Enforce device compliance (Jailbreak detection, PIN) and conditional access (MFA) for mobile apps.","Same in Azure Gov (Intune in GC)."
AC-20,Use of External Systems,Isolate system from unauthorized external systems.","","Use Network Security Groups and Firewall to isolate. Only connect approved networks (Service Tags). Use DDoS protection on public endpoints.","Same in Azure Gov."
AC-21,Information Sharing,Share information internally only.","","Use Azure RBAC and data classification (sensitivity labels) to control internal vs external sharing. Use Azure Information Protection.","Same in Azure Gov."
AC-22,Publicly Accessible Content,Monitor public content.","","Monitor Azure resources exposed publicly via Azure Security Center (exposure scanner). Use Private Endpoints or disable public access on storage, databases.","Same in Azure Gov."
AC-23,Data Mining Protection,","","Use DLP policies in Microsoft Purview for data mining. For Azure data stores, implement analytics monitoring and role auditing.",""
AC-24,Access Control Decisions,","","Azure RBAC and Conditional Access evaluate access. Ensure policies (MFA, location) are enforced. (Azure AD does decision in real-time.)",""
AC-25,Reference Monitor,","","Built into Azure – cannot modify. Enforce Azure AD Conditional Access and RBAC for runtime access.",""
AC-25(1),Industry Standards,","","Azure controls follow standards (FIPS). No action needed beyond compliance review.",""
AC-25(2),Dual Authorization,","","Use Azure AD Privileged Identity Management for dual consent (approval workflow) on critical role activations.",""
AT-1,Policies and Procedures,Develop security awareness and training policies.","","Document training program. (Azure has CMA policies but org-specific.)","Manual; define training policies outside Azure."
AT-2,Role-Based Training,Provide role-specific training.","","Use Azure training modules (Microsoft Learn) or custom learning paths in Entra ID.",""
AT-3,Security Training,","","Require awareness training. Track via Azure AD SSPR usage or Entra learning.",""
AT-4,Security Training Records,","","Use Microsoft Entra ID audit logs or HR systems; Azure does not retain training records.",""
AU-1,Audit and Accountability Policy and Procedures,","","Use Azure Policy to define audit requirements (CMA_0154), and update info sec policies regularly (CMA_0158):contentReference[oaicite:5]{index=5}.",""
AU-2,Event Logging,Identify auditable events.","","Configure Azure Activity logs, Diagnostics for VMs/storage. Use Azure Policy to enforce logging to Log Analytics (CMA_0137).",""
AU-3,Content of Audit Records,Identify what to log (time, ID, events).","","Azure logs include these by default. Ensure retention. Use Azure Policy to ensure Azure resources have diagnostics enabled.",""
AU-3(1),Additional Audit Information,Collect additional info.","","Enable Azure Security Center to collect threat logs (Defender). Use Azure Monitor alerts (CMA_C1108):contentReference[oaicite:6]{index=6}.",""
AU-4,Audit Storage Capacity,Allocate sufficient storage for logs.","","Use Log Analytics retention settings (default 31d; up to 2y). Monitor usage. Use Azure Policy (CMA_0289) to monitor log storage.",""
AU-5,Response to Audit Logging Failures,Handle failures to log.","","Use Azure Monitor Alerts to detect log ingestion failures. (Azure guarantees logging; failure is unlikely.) Use CMA_0289 for monitoring.",""
AU-5(2),Real-time Alerts,Generate alerts on failures.","","Create Azure Monitor alerts on Activity Log ingestion lag. (CMA_C1114 in Azure policy registry).",""
AU-6,Audit Review,Analysis, Reporting,Review logs regularly.","","Enable Microsoft Defender for key resources: App Service, SQL, Key Vault, etc. (Azure Defender):contentReference[oaicite:7]{index=7}:contentReference[oaicite:8]{index=8}. Use Azure Sentinel or Monitor for analysis.",""
CA-1,Security Assessment and Authorization Policy and Procedures,Develop CA policies.","","Manual: Azure uses FedRAMP assessments. Define organizational process for system authorization (uses Azure compliance docs).","Manual; follow Azure compliance documentation."
CA-2,Security Assessments,Perform security assessments.","","Use Azure Security Center regulatory compliance reports. Engage 3rd-party audits. Document results in ATO package.","Same using Azure Government compliance services."
CA-2(1),External Assessments,","","Use Azure SSAE/SOC, FedRAMP reports; hire independent auditors.",""
CA-3,Plan of Actions and Milestones,","","Track remediation in Azure DevOps or Jira. Use Defender recommendations for corrective guidance.",""
CA-3(1),System Interconnections,","","Document in Azure Architecture. Use Service Tags. Manual planning.",""
CA-4,Continuous Monitoring,Regularly monitor security.","","Enable Azure Security Center continuous assessment. Use Azure Sentinel and Secure Score.",""
CA-5,Plan of Action Updates,","","Use Azure Security Center’s workflow or Azure DevOps to track fixes. Update documents in ATO.",""
CA-6,Technical Surveillance Countermeasures,","","Not Azure-specific (facility-level).","Manual control."
CA-7,Internal System Connections,","","Use Private Link or ExpressRoute for internal connections. Document interconnects.",""
CA-8,Penetration Testing,","","Use Azure PenTest feature. Obtain Microsoft consent via Azure terms. Perform tests per Azure testing rules.",""
CM-1,Configuration Management Policy and Procedures,","","Use Azure Policy/Blueprints for baseline configurations. Document CM processes in DevOps.",""
CM-2,Baseline Configuration,Maintain secure configuration baselines.","","Apply Azure Security Benchmark via Azure Policy initiatives. Use Microsoft Defender's regulatory compliance. Automate baseline with Azure Policy definitions.",""
CM-3,Configuration Change Control,","","Use Azure DevOps pipelines for infra changes; enforce approval for production deployments. Track with Azure Monitor/Azure Policy.",""
CM-4,Security Impact Analysis,","","Use Azure DevOps release annotations; Security Center to simulate impact (What-if analysis).",""
CM-5,Access Restrictions for Change,","","Restrict who can modify resources via Azure RBAC. Use PIM for change roles.",""
CM-6,Configuration Settings,Specify and enforce settings.","","Use Azure Policy to enforce settings (e.g., TLS versions, disk encryption). Use Security Center recommendations.",""
CM-7,Least Functionality Configuration,","","Use Azure Security Benchmark to disable unused ports/services (via policies). Deploy minimal images.",""
CM-8,Information System Component Inventory,","","Use Azure Resource Graph to list assets; enforce tagging via Azure Policy.",""
CM-8(1),Automated Inventory,","","Use Azure Policy (CMA_C1234) or Azure Security Center inventory. Use Azure AD for account inventory.",""
CM-9,Configuration Management Plan,","","Document CM plan in governance docs. Use Azure DevOps or Wiki.",""
CM-10,Software Usage Restrictions,","","Use Azure AD to prevent unauthorized apps (Cloud App Security, Conditional Access).",""
CM-11,User-Installed Software,","","Limit software installs via Intune App Control or restrict local admin rights. Use Microsoft Defender Application Control on Windows 10.",""
CP-1,Contingency Planning Policy and Procedures,","","Develop organizational CP plan. Use Azure Site Recovery/Azure Backup tools; document recovery strategy.","Manual plan with Azure tools."
CP-2,Contingency Plan,","","Use Azure Site Recovery for DR, Azure Backup for data. Test failover regularly.",""
CP-2(1),Data Backup,","","Enable regular Azure Backup for VMs, SQL, storage; protect against ransomware.",""
CP-2(2),Alternate Storage,","","Use paired storage accounts or geo-redundant storage. Ensure critical data is in multiple regions.",""
CP-2(3),Recovery/Restart Plans,","","Create runbooks for recovery. Use Azure Automation for failover steps.",""
CP-3,Contingency Training,","","Train IT staff on failover. Use Azure Lab for drills. Document in SOPs.",""
CP-4,Contingency Plan Testing,","","Run Azure Site Recovery test fails, Azure Backup restore tests. Log results.",""
CP-6,Alternate Processing,","","Use Azure paired region or multi-region deployment for operational continuity.",""
CP-7,Alternate Storage Site,","","Use Azure geo-redundant or zone-redundant storage. Ensure offsite backup copies.",""
CP-7(4),Alternate Site at New Location,","","Not typically needed; Azure global infra provides failover.",""
CP-8,Telecommunications Services,","","Use redundant connectivity (Azure VPN + ExpressRoute). Peer VNets across regions.",""
CP-9,Information System Backup,","","Use Azure Backup (built-in) with immutable storage. Encrypt backups with service-managed keys.",""
IA-1,Identification and Authentication Policy and Procedures,","","Define ID/Auth policies. Use Azure AD (Entra) documentation for ID processes.",""
IA-2,Identification, Identification of authorized users.","","Use Azure AD for user accounts, enforce identity proofing by Azure AD credential policies.",""
IA-2(1),Automated Verification,","","Use Azure AD Connect health and user provisioning for automation.",""
IA-2(2),Dev/Test,","","Isolate dev/test in separate subscription. Use shared dev accounts with limited roles.",""
IA-2(3),Remote/Privileged,","","Enforce MFA for admin accounts via Conditional Access. Use break-glass admin accounts audited by PIM.",""
IA-3,Authenticator Management,","","Use Azure AD to manage passwords and keys. Enforce password policies via PIM / password hashes, rotate service keys.",""
IA-4,Identifier Management,","","Enforce strong password and rotation policies in Azure AD. Use self-service password reset with MFA.",""
IA-4(1),Strength,","","Use at least 8+ char with complexity in Azure AD. Consider password-less (FIDO2) for higher assurance.",""
IA-4(2),No Shared IDs,","","Azure AD does not allow account sharing for employees; prohibit shared credentials.",""
IA-4(3),Identifier Management Accuracy,","","Azure AD sync accurately; ensure on-prem and Azure AD identities match.",""
IA-5,Authenticator Feedback,","","N/A for Azure AD; user see feedback for failed login via Microsoft sign-in.",""
IA-5(1),Safety Checks,","","Azure AD SafeLinks and Conditional Access enforce sign-in safety (user notifications).",""
IA-5(2),Shielding Techniques,","","Use password hashing and encryption in Azure. Storage of secrets in Key Vault with RBAC, logging access.",""
IA-6,Authenticator and Identifier Storage,","","Use Microsoft-managed (Cloud) storage for credentials. For local apps, use Azure Key Vault.",""
IA-7,Authenticator Feedback,","","Azure AD does not echo entered password. No action needed.",""
IA-8,Authenticator Feedback,","","Azure authentication results do not reveal full info. Configure sign-in error messages minimally.",""
IA-9,Authenticator Strength,","","Use multi-factor (Conditional Access) and strong cryptographic keys (FIDO2, certificates).",""
IA-10,Adaptive Authentication,","","Use risk-based Conditional Access (Azure AD Identity Protection) to adapt to risk levels.",""
IR-1,Incident Response Policy and Procedures,","","Develop IR plan (outside Azure). Use Azure Sentinel or Log Analytics for playbooks.",""
IR-2,Incident Handling,","","Use Azure Sentinel for incident detection, Azure Monitor alerts, and automate responses with Logic Apps.",""
IR-2(1),Organizational Preparation,","","Set up Security Center alerts, configure Action Groups for incident workflow (email/SMS).",""
IR-3,Incident Response Testing,","","Conduct tabletop exercises, simulate attacks with Azure Security Center Attack Simulation.",""
IR-4,Incident Handling Contacts,","","Maintain contact info in Azure AD (admin contact). Azure support/DFIR contacts in documentation.",""
IR-5,Incident Monitoring,","","Monitor alerts in Azure Security Center/Sentinel. Set up dashboards for SOC.",""
IR-6,Incident Reporting,","","Automate email/ITSM notifications via Logic Apps. Use Azure Monitor action groups on alerts.",""
IR-7,Incident Assistance,","","Involve Microsoft CxO or support if needed. Document incident tickets in Azure DevOps or ITSM.",""
IR-8,Incident Response Plan,","","Document IR plan and review regularly. Not managed by Azure, but store in Azure Docs/Wiki.",""
IR-8(1),External IR Team,","","Prepare contacts (MSFT, law enforcement) as part of plan. Use Threat Intelligence (Azure Sentinel TI connectors).",""
MA-1,System Maintenance Policy and Procedures,","","Define maintenance schedule. Use Azure Update Management, document in org policies.",""
MA-2,Controlled Maintenance,","","Limit who can perform maintenance via RBAC. Log maintenance tasks in Azure Activity Log.",""
MA-3,Maintenance Tools,","","Limit provisioning of maintenance tools in resource groups. Use Azure Resource Locks.",""
MA-4,Remote Maintenance,","","Require VPN/JIT for remote maintenance. Use Azure Bastion/Just-In-Time VM access.",""
MA-5,Maintenance Personnel,","","Grant maintenance roles via PIM. Verify background of third-party on-boarding.",""
MA-6,Session Termination,","","Azure portal times out sessions by default (based on browser). Use Conditional Access to sign out idle users.",""
MA-7,SMT/SCMs,","","Not applicable at customer level (hardware).",""
MA-7(1),SMT/SCMs Protection,","","Azure-managed hardware. For devices, ensure secure boot is enabled in VM/UEFI.",""
MP-1,Media Protection Policy and Procedures,","","Define media handling policies. For Azure, use encryption.",""
MP-2,Media Access,","","Restrict backup/data access via Azure RBAC. Use RBAC and network controls on storage.",""
MP-3,Media Marking,","","Apply labels in data governance tools (Azure Purview) not at Azure storage level.",""
MP-4,Media Storage,","","Encrypt all media at rest (Azure Storage Service Encryption, BitLocker). Use MTs/SMTs disabled on HSM keys as needed.",""
MP-5,Media Transport,","","Use Azure Import/Export or secure links with encryption for data transport. Use TLS for in-flight data.",""
MP-6,Media Sanitization and Disposal,","","Delete storage accounts securely. Use Azure Disk snapshot followed by delete. Ensure media wipe on decommission.",""
MP-6(1),Sanitization Techniques,","","Use zero-fill or crypto-erase for customer-attached disks. Azure encrypts and deallocates as per policy.",""
MP-6(2),Disposal Techniques,","","Azure erases VHDs on delete. For physical media (backup tapes), follow Azure compliance guidelines.",""
PE-1,Physical and Environmental Protection Policy and Procedures,","","Azure data centers are physically secure (checked via compliance docs). Customer: secure their premises and devices.",""
PE-2,Physical Access Authorizations,","","Use Azure AD for building/door access if integrated. (Not applicable to cloud assets.)",""
PE-3,Physical Access Control,","","Azure restricts data center access; customer ensures locks for on-prem endpoints. Use MFA for remote login.",""
PE-4,Access Control for Transmission Media,","","Encrypt network traffic (already handled by Azure network encryption).",""
PE-5,Access Control for Output Devices,","","Restrict print capabilities to authorized users (not Azure-specific).",""
PE-6,Monitoring Physical Access,","","Customers should log on-site server room entries. Azure published SOC reports cover data center monitoring.",""
PE-8,Visitor Control,","","Customer: escort and log visitors. Azure DC has vetting for employees.",""
PE-9,PoweMaintenance,","","Azure DCs have redundant power. Ensure on-prem emergency power if needed (UPS).",""
PE-11,Emergency Power,","","Azure provides redundant power. On-prem, use generators/UPS.",""
PE-12,Emergency Lighting,","","Azure DC: implemented by MS. On-prem, follow building codes.",""
PE-13,Fire Protection,","","Azure DC: FM-200. On-prem: install fire suppression; ensure room protection.",""
PE-14,Temperature and Humidity Controls,","","Azure DC: maintained by MS. On-prem: data center HVAC.",""
PE-15,Water Damage Protection,","","Azure DC: raised floors. On-prem: avoid water pipes near IT equipment.",""
PE-16,Delivery and Removal,","","Secure delivery areas; maintain audit logs of media movement (logistics).",""
PL-1,System Security and Privacy Plans,","","Document Azure-based system boundary, data flow diagrams. Use Azure Architecture Center guidance.","Manual planning documentation."
PL-2,System Security Plan,","","Complete SSP with Azure controls. Use Azure compliance manager templates.",""
PL-4,Risk Assessment,","","Conduct risk assessments with Azure data (Threat modeling). Use Azure Migrate security assessments.","Manual: document in planning process."
PM-1,Information Security Program Plan,","","Develop org-wide plan (outside Azure). Map Azure controls to plan; track in Azure DevOps.",""
PM-2,Information Security Program Policies,","","Publish security policies; reference Azure resource usage policies.",""
PM-3,Incident Response Testing,","","Align with IR-4. Use Azure tools to simulate incidents, record policy changes.",""
PM-4,Information Security Review,","","Review Azure security posture quarterly. Use Secure Score improvements.",""
PM-5,Plan of Action and Milestones,","","Use Azure DevOps or ITSM to track remediation of security gaps.",""
PM-6,Enterprise Architecture,","","Use Azure Well-Architected Framework. Document in architecture reviews.",""
PM-7,Security Engineering Principles,","","Apply secure dev principles: HTTPS by default, least privilege, logging, encrypt data at rest/in transit (Azure Storage, Azure TLS).",""
PM-8,Criticality Analysis,","","Classify Azure resources by impact. Use tagging and categorize compliance from CMMC or FedRAMP levels.",""
PM-9,Enterprise Mission/Business Process Definition,","","Use Azure Gov blueprints for compliance baselines. Define mission-critical services using Azure monitoring.",""
PM-10,Threat Modeling,","","Perform threat model using STRIDE on Azure design; use Microsoft Threat Modeling Tool.",""
PM-11,Information Security Architecture,","","Incorporate Azure security services in architecture (AAD, Key Vault, Firewall, ASR).",""
PM-12,Insider Threat Program,","","Monitor privileged access usage (Azure AD PIM reports). Use Microsoft 365 Insider Risk Management.",""
PS-1,Personnel Security Policy and Procedures,","","Define personnel screening in HR process. (No Azure service.)","Manual; follow hiring/exit policies, no specific Azure action."
PS-2,Position Risk Designation,","","Classify Azure roles (e.g., Admin vs Reader). Perform background checks for privileged roles.",""
PS-3,Personnel Screening,","","Ensure admins meet clearance. Use identity verification for Azure admin accounts.",""
PS-3(2),Screening Refresh,","","Re-screen periodically. Manage outside Azure.",""
PS-4,Personnel Termination,","","Upon employee departure, disable Azure AD account immediately; review access (PIM requires re-authz after termination).",""
PS-5,Personnel Transfer,","","Upon role change, reassign Azure roles promptly; update access reviews.",""
PS-6,Access Agreements,","","Have users acknowledge security rules; store signed agreements on file.",""
PS-7,Third-Party Personnel Security,","","Vendors with Azure access sign agreements; track external access in Azure AD B2B audits.",""
PS-8,Personnel Sanctions,","","Enforce disciplinary actions in HR; Azure logs show violations (read-only, manual enforcement).",""
RA-1,Risk Assessment Policy and Procedures,","","Define RA processes. Use Azure Advisor recommendations and Azure Secure Score as input.",""
RA-2,Risk Assessment,","","Use Azure Security Center & Advisor for continuous risk assessment; supplement with periodic risk analysis.",""
RA-2(1),Update,","","Regularly update threat intel from Azure Sentinel and Windows Event logs.",""
RA-3,Risk Assessment Update,","","Re-run risk analysis when system changes (new resources) or major updates; use Azure Reports.",""
RA-5,Vulnerability Scanning,","","Use Azure Defender vulnerability scanner. Schedule Qualys scans (integrated).",""
RA-5(1),Unauthenticated Scanning,","","Use host-based scanning with Azure agent if needed. Scanning inside VNet.",""
RA-5(2),Authenticated Scanning,","","Install Azure Defender sensor on VMs for deeper analysis.",""
RA-5(3),Remediation,","","Track findings in Azure Security Center recommendations; remediate via Update Management, NSGs.",""
RA-5(4),Continuous Monitoring,","","Enable continuous scanning (Microsoft Defender for Endpoint for servers).",""
RA-6,Technical Surveillance Countermeasures,","","Not relevant to cloud (physical measures).",""
SA-1,System and Services Acquisition Policy and Procedures,","","Define procurement with security; reference Azure Marketplace for approved services.",""
SA-2,Allocation of Resources,","","Plan budgeting for security tools (Defender, Sentinel, etc).",""
SA-3,System Development Life Cycle,","","Use Azure DevOps pipelines with security gates. Integrate security in code reviews (DevSecOps).",""
SA-4,Acquisition Process,","","Purchase only Azure-certified services. Use Azure Marketplace or AU Gov Marketplace.",""
SA-4(1),External Information Systems,","","Inspect and authorize external systems before integration (e.g., external FedRAMP services).",""
SA-4(2),Verification of Software,","","Use Azure Container Registry with image scanning; verify Microsoft-verified images.",""
SA-4(3),External Providers,","","Verify cloud providers (Microsoft) have FedRAMP. Use contractual assurances (MS online services terms).",""
SA-5,Information System Documentation,","","Maintain architecture docs in Azure Wiki; update with system changes.",""
SA-5(1),Operation/Management Documentation,","","Document runbooks for Azure automation tasks, store in Azure DevOps or Azure Automation.",""
SA-6,Software Usage Restrictions,","","Restrict usage to approved Azure software (via Marketplace agreement). Block unapproved images with policies.",""
SA-7,User-Installed Software,","","Prevent installation by restricting permissions. Use Azure Security Center to audit unapproved apps.",""
SA-8,Developer Security Testing,","","Perform penetration tests on applications (Azure WebApp vulnerability). Use Azure security testing labs.",""
SA-9,Developer Security Reviews,","","Require code review for security; use Azure DevOps branch policies.",""
SA-10,Developer Configuration Management,","","Use source control in Azure DevOps/GitHub; track changes via CI/CD pipelines.",""
SA-11,Developer Security Architecture,","","Incorporate threat modeling in design; use Azure design review templates.",""
SA-12,Supply Chain Protection,","","Verify Azure supply chain (Microsoft trust center). For your vendors, request SOC 2 / ISO certifications.",""
SA-13,Software and Firmware Integrity,","","Use signed images (Azure Marketplace images are signed). Use Trusted Launch for VMs.",""
SA-14,System Security and Privacy Requirements,","","Include security requirements in Azure design documents (HIPAA, GDPR).",""
SA-15,Development Process Outsourcing,","","Ensure third-parties follow org security (legal agreements). Monitor via contractual controls.",""
SA-16,Developer Testing,","","Test in isolated environments. Use Azure DevTest Labs; clear data between tests.",""
SA-17,Third-Party Software Security,","","Require vendors to deliver code scanned for vulnerabilities (e.g., via SonarCloud in pipelines).",""
SA-18,Customer Environment Policy,","","Map Azure controls to customer compliance (CSP). Provide FedRAMP or ISO docs to customers.",""
SC-1,Security and Privacy Plans,Review system security plans regularly.,Update plans to reflect Azure changes.,None.,"Use Azure security controls: implement Network Security Groups, Azure Firewall, DDoS Protection, NSGs, and Private Link for sensitive resources. Enforce encryption in transit (TLS) and at rest. Use Azure Policy to audit secure network configurations.","Same in Azure Gov, using portal.azure.us for network and encryption policies."
SC-2,Application Partitioning,Separate user functionality from privileged.,","","Segment apps via resource groups/VNets. Use RBAC to isolate functions. Apply WAF for web tiers.","Same in Azure Gov."
SC-3,Security Function Isolation,","","Use Azure Container Instances or AKS for isolation. Use Dedicated Hosts for VM isolation.",""
SC-4,Information Remnants,Remove sensitive data from storage after use.,","","Use Azure Data Factory or Purview to scrub data. Enable storage immutable blobs if needed.",""
SC-5,Denial of Service Protection,","","Enable Azure DDoS Standard on public endpoints. Monitor attacks via Azure Monitor and Security Center.",""
SC-7,Boundary Protection,Separate networks with DMZs or VNet peering.","","Use Azure Firewall, NSGs, Service Endpoints to enforce boundaries. Monitor via Network Watcher.",""
SC-7(1),Publicly Accessible Boundary,","","Place public services behind Azure Front Door or WAF. Log via Diagnostics.",""
SC-7(2),Network Isolation,","","Use Azure Virtual Networks and NSGs. Private Link to hide PaaS from Internet.",""
SC-7(3),Resource Isolation,","","Deploy resources in separate subscriptions or management groups by sensitivity. Use service tags/VNet restrictions.",""
SC-7(4),Boundaries,","","Use Azure Virtual WAN for branch connectivity and enforcement.",""
SC-7(8),Transmission,","","Require HTTPS/IPsec. Use Azure VPN and Service Bus TLS.",""
SC-7(10),Integrity Flow,","","Use IPsec or MACsec. Leverage Azure SSL/TLS e.g. in Application Gateway.",""
SC-7(11),Cryptographic Boundaries,","","Use Azure Key Vault for key management. Keep keys region-specific if needed.",""
SC-8,Transmission Confidentiality,Encrypt transmitted data.","","Use TLS 1.2+ by default for all web services (Azure enforces HTTPS). Use IPsec for VPNs.",""
SC-8(1),High Value Data,","","Always encrypt even internally; consider Double encryption (disk + file-level).",""
SC-8(3),Wireless Transmission,","","Use secure WiFi protocols; for Azure, ensure any wireless IoT has TLS/DTLS.",""
SC-9,Transmission Integrity,Verify transmitted data isn't altered.","","Use TLS. TLS verifies integrity by design. For messaging, use SAS tokens or Azure Event Hubs transport security.",""
SC-12,Cryptographic Key Establishment and Management,","","Use Azure Key Vault with RBAC. Rotate keys/certs periodically, using managed HSM if needed.",""
SC-12(1),Lifecycle,","","Automate rotation with Azure Key Vault Key Rotation feature. Use Key Vault events for reminders.",""
SC-12(2),Manufacturer's Key,","","Do not use vendor hard-coded keys; always replace with Azure-managed keys.",""
SC-13,Cryptographic Protection,","","Encrypt data at rest with Azure Storage Encryption. Use managed keys (Microsoft or customer-managed).",""
SC-13(1),Encryption,","","Ensure at least AES-256 is used (Azure default). Use Azure Disk Encryption for VMs.",""
SC-17,Public Key Infrastructure Certificates,","","Use Azure Key Vault to manage certificates. Use App Service Certificates or key vault integration.",""
SC-17(1),Distribution,","","Use Azure DNS and App Service to renew certificates. Deploy certificates through Key Vault.",""
SC-18,Non-Mandatory: private keys stored securely.","","Do not store private keys in code. Use Key Vault to fetch ephemeral keys.",""
SC-19,Voice,Video, and Multifunction Devices,","","Configure IP phones/VTC to use secure protocols (SRTP). Azure has no direct role; ensure enterprise network sec.",""
SC-20,Secure Name/Address Resolution,","","Use Azure DNS Private Zones, DNSSEC for public zones, and restrict DNS servers.",""
SC-21,Secure Name/Address Resolution Service (Authoritative source),","","Use Azure DNS with DNSSEC validation. Use Custom DNS on Azure VNet.",""
SC-22,Collaborative Computing Devices,","","Secure any shared devices with kiosk mode and Azure AD joined policies. Not specific to Azure infra.",""
SC-23,Session Authenticity,","","Azure AD issues tokens with signing. Use SSL client certificates if needed. Azure adds X-MS-Authorization entry.",""
SC-24,Fail in Known State,","","Configure Azure services to fail closed. E.g., Azure Firewall default deny all.",""
SC-25,Thin Nodes,","","Use Azure Virtual Desktop or Cloud PC for thin clients. Ensure connection broker uses SSL.",""
SC-28,Protection of Information at Rest,","","Azure Storage encryption at rest is on by default. Use customer-managed keys in Key Vault.",""
SI-1,System and Information Integrity Policy and Procedures,","","Define patching and malware policies. Document use of Azure Defender.",""
SI-2,Flaw Remediation,","","Use Azure Update Management for OS patches. Use Microsoft Defender for Endpoint for applications. Automate with Arc.",""
SI-3,Malicious Code Protection,","","Enable Microsoft Defender for Endpoint on VMs. Use Azure Firewall to block malicious domains. Azure Sentinel for malware alerts.",""
SI-3(1),Automatic Updates,","","Configure Windows Update for VMs. Use Azure Automation to schedule updates for Linux.",""
SI-4,Information System Monitoring,","","Enable Microsoft Defender for Cloud on all subscriptions: Servers, SQL, Storage, Key Vault.:contentReference[oaicite:9]{index=9}:contentReference[oaicite:10]{index=10} Use Azure Sentinel for SIEM.",""
SI-4(1),Alert Systems,","","Configure Azure Monitor alerts for high-severity threats (e.g., Defender alerts).",""
SI-4(2),Filesystem Integrity Checking,","","Use Azure Policy for baseline configs. Enable Azure Baseline (security baseline analytics) and endpoint protection.",""
SI-4(3),Integritet,","","Use Defender for Endpoint sensor to detect tampering. Azure policies to detect signed drivers misuse.",""
SI-5,Security Alerts,","","Implement Azure Alerts (Action Groups) and Azure Sentinel Analytics. Subscribe to Azure Security Center alerts.",""
SI-5(3),Automated Response,","","Use Azure Logic Apps playbooks (via Sentinel) to automatically respond to incidents (isolate VM, notify admins).",""
SI-7,Software and Information Integrity,","","Ensure VHDs are signed/untampered (use Azure images). Use Secure Boot in UEFI (Azure Trusted Launch).",""
SI-8,Vulnerability Management,","","Use Azure Defender Vulnerability Assessment on SQL/VMs. Regularly remediate per Security Center recommendations.",""
SI-8(1),Re-search,","","Use Azure DevOps to track CVE patches. Use Azure functions to auto-remediate common misconfigurations.",""
SI-11,Error Handling,","","Azure will not expose debug info; handle exceptions in app code. Configure App Service to not show stack traces in prod.",""
SI-12,Pinging of TTS,","","Disable external ping response. (Not azure-related; firewall drop ICMP).",""
SI-16,Memory Protection,","","Use virtualization to isolate processes. On Azure, trust the hypervisor. For on-prem, ensure DEP/NX enabled; provision e.g. Azure Dedicated Host.",""
